677169691,tz_devops1,tz_devops1,streamer,600000001
677169692,tz_devops2,tz_devops2,streamer,600000001
677169693,tz_devops3,tz_devops3,streamer,600000001
677169694,tz_devops4,tz_devops4,streamer,600000001
677169695,tz_devops5,tz_devops5,streamer,600000001
677169696,tz_devops6,tz_devops6,streamer,600000001
677169697,tz_devops7,tz_devops7,streamer,600000001
677169698,tz_devops8,tz_devops8,streamer,600000001
677169699,tz_devops9,tz_devops9,streamer,600000001
677169700,tz_devops10,tz_devops10,streamer,600000001
677169701,tz_devops11,tz_devops11,streamer,600000001
677169702,tz_devops12,tz_devops12,streamer,600000001
677169703,tz_devops13,tz_devops13,streamer,600000001
677169704,tz_devops14,tz_devops14,streamer,600000001
677169705,tz_devops15,tz_devops15,streamer,600000001
677169706,tz_devops16,tz_devops16,streamer,600000001
677169707,tz_devops17,tz_devops17,streamer,600000001
677169708,tz_devops18,tz_devops18,streamer,600000001
677169709,tz_devops19,tz_devops19,streamer,600000001
677169710,tz_devops20,tz_devops20,streamer,600000001
677169711,tz_devops21,tz_devops21,streamer,600000002
677169712,tz_devops22,tz_devops22,streamer,600000002
677169713,tz_devops23,tz_devops23,streamer,600000002
677169714,tz_devops24,tz_devops24,streamer,600000002
677169715,tz_devops25,tz_devops25,streamer,600000002
677169716,tz_devops26,tz_devops26,streamer,600000002
677169717,tz_devops27,tz_devops27,streamer,600000002
677169718,tz_devops28,tz_devops28,streamer,600000002
677169719,tz_devops29,tz_devops29,streamer,600000002
677169720,tz_devops30,tz_devops30,streamer,600000002
677169721,tz_devops31,tz_devops31,streamer,600000002
677169722,tz_devops32,tz_devops32,streamer,600000002
677169723,tz_devops33,tz_devops33,streamer,600000002
677169724,tz_devops34,tz_devops34,streamer,600000002
677169725,tz_devops35,tz_devops35,streamer,600000002
677169726,tz_devops36,tz_devops36,streamer,600000002
677169727,tz_devops37,tz_devops37,streamer,600000002
677169728,tz_devops38,tz_devops38,streamer,600000002
677169729,tz_devops39,tz_devops39,streamer,600000002
677169730,tz_devops40,tz_devops40,streamer,600000002
677169731,tz_devops41,tz_devops41,streamer,600000003
677169732,tz_devops42,tz_devops42,streamer,600000003
677169733,tz_devops43,tz_devops43,streamer,600000003
677169734,tz_devops44,tz_devops44,streamer,600000003
677169735,tz_devops45,tz_devops45,streamer,600000003
677169736,tz_devops46,tz_devops46,streamer,600000003
677169737,tz_devops47,tz_devops47,streamer,600000003
677169738,tz_devops48,tz_devops48,streamer,600000003
677169739,tz_devops49,tz_devops49,streamer,600000003
677169740,tz_devops50,tz_devops50,streamer,600000003
677169741,tz_devops51,tz_devops51,streamer,600000003
677169742,tz_devops52,tz_devops52,streamer,600000003
677169743,tz_devops53,tz_devops53,streamer,600000003
677169744,tz_devops54,tz_devops54,streamer,600000003
677169745,tz_devops55,tz_devops55,streamer,600000003
677169746,tz_devops56,tz_devops56,streamer,600000003
677169747,tz_devops57,tz_devops57,streamer,600000003
677169748,tz_devops58,tz_devops58,streamer,600000003
677169749,tz_devops59,tz_devops59,streamer,600000003
677169750,tz_devops60,tz_devops60,streamer,600000003
677169751,tz_devops61,tz_devops61,streamer,600000004
677169752,tz_devops62,tz_devops62,streamer,600000004
677169753,tz_devops63,tz_devops63,streamer,600000004
677169754,tz_devops64,tz_devops64,streamer,600000004
677169755,tz_devops65,tz_devops65,streamer,600000004
677169756,tz_devops66,tz_devops66,streamer,600000004
677169757,tz_devops67,tz_devops67,streamer,600000004
677169758,tz_devops68,tz_devops68,streamer,600000004
677169759,tz_devops69,tz_devops69,streamer,600000004
677169760,tz_devops70,tz_devops70,streamer,600000004
677169761,tz_devops71,tz_devops71,streamer,600000004
677169762,tz_devops72,tz_devops72,streamer,600000004
677169763,tz_devops73,tz_devops73,streamer,600000004
677169764,tz_devops74,tz_devops74,streamer,600000004
677169765,tz_devops75,tz_devops75,streamer,600000004
677169766,tz_devops76,tz_devops76,streamer,600000004
677169767,tz_devops77,tz_devops77,streamer,600000004
677169768,tz_devops78,tz_devops78,streamer,600000004
677169769,tz_devops79,tz_devops79,streamer,600000004
677169770,tz_devops80,tz_devops80,streamer,600000004
677169771,tz_devops81,tz_devops81,streamer,600000005
677169772,tz_devops82,tz_devops82,streamer,600000005
677169773,tz_devops83,tz_devops83,streamer,600000005
677169774,tz_devops84,tz_devops84,streamer,600000005
677169775,tz_devops85,tz_devops85,streamer,600000005
677169776,tz_devops86,tz_devops86,streamer,600000005
677169777,tz_devops87,tz_devops87,streamer,600000005
677169778,tz_devops88,tz_devops88,streamer,600000005
677169779,tz_devops89,tz_devops89,streamer,600000005
677169780,tz_devops90,tz_devops90,streamer,600000005
677169781,tz_devops91,tz_devops91,streamer,600000005
677169782,tz_devops92,tz_devops92,streamer,600000005
677169783,tz_devops93,tz_devops93,streamer,600000005
677169784,tz_devops94,tz_devops94,streamer,600000005
677169785,tz_devops95,tz_devops95,streamer,600000005
677169786,tz_devops96,tz_devops96,streamer,600000005
677169787,tz_devops97,tz_devops97,streamer,600000005
677169788,tz_devops98,tz_devops98,streamer,600000005
677169789,tz_devops99,tz_devops99,streamer,600000005
677169790,tz_devops100,tz_devops100,streamer,600000005